round,local_updates,examples_processed,train_loss,train_accuracy,drift,grad_norm,selected_clients,aggregation_weights,client_losses,client_accuracies,seed,hard_k
0,0,0,2.306821085611979,0.10706666666666667,0.07011768966913223,0.6291294097900391,[],[],"[2.3074941243489584, 2.306148046875]","[0.1054, 0.10873333333333333]",0,1
1,6,384,2.2548000874837237,0.1064,,,"[0, 1]","[0.5, 0.5]","[2.2550656209309894, 2.2545345540364585]","[0.10446666666666667, 0.10833333333333334]",0,1
2,12,768,2.1895278035481773,0.3379,,,"[0, 1]","[0.5, 0.5]","[2.1883985392252603, 2.190657067871094]","[0.34973333333333334, 0.32606666666666667]",0,1
3,18,1152,2.1040954366048177,0.5229,,,"[0, 1]","[0.5, 0.5]","[2.1013319458007813, 2.106858927408854]","[0.5348666666666667, 0.5109333333333334]",0,1
4,24,1536,1.9880231231689454,0.483,,,"[0, 1]","[0.5, 0.5]","[1.9825510782877604, 1.9934951680501303]","[0.494, 0.472]",0,1
5,30,1920,1.8209660135904948,0.5493666666666667,,,"[0, 1]","[0.5, 0.5]","[1.8133371663411457, 1.8285948608398437]","[0.5578666666666666, 0.5408666666666667]",0,1
6,36,2304,1.56598581644694,0.6838333333333333,,,"[0, 1]","[0.5, 0.5]","[1.560455733235677, 1.571515899658203]","[0.6883333333333334, 0.6793333333333333]",0,1
7,42,2688,1.378626806640625,0.6945666666666667,,,"[0, 1]","[0.5, 0.5]","[1.3697998575846355, 1.3874537556966147]","[0.7028666666666666, 0.6862666666666667]",0,1
8,48,3072,1.3433106353759765,0.5747,,,"[0, 1]","[0.5, 0.5]","[1.3356934672037761, 1.350927803548177]","[0.5804666666666667, 0.5689333333333333]",0,1
9,54,3456,1.1776234313964844,0.6190666666666667,,,"[0, 1]","[0.5, 0.5]","[1.169919921875, 1.1853269409179688]","[0.6224666666666666, 0.6156666666666667]",0,1
10,60,3840,0.993838557434082,0.7244333333333333,,,"[0, 1]","[0.5, 0.5]","[0.9852158335367839, 1.0024612813313802]","[0.7269333333333333, 0.7219333333333333]",0,1
11,66,4224,1.2359539276123046,0.6981666666666667,,,"[0, 1]","[0.5, 0.5]","[1.2338113830566406, 1.2380964721679688]","[0.6971333333333334, 0.6992]",0,1
12,72,4608,0.8890076250712077,0.7205666666666666,,,"[0, 1]","[0.5, 0.5]","[0.8852111282348633, 0.8928041219075521]","[0.7252666666666666, 0.7158666666666667]",0,1
13,78,4992,0.8313195597330729,0.7887333333333333,,,"[0, 1]","[0.5, 0.5]","[0.825614658610026, 0.8370244608561198]","[0.7904, 0.7870666666666667]",0,1
14,84,5376,0.734398361714681,0.7929666666666666,,,"[0, 1]","[0.5, 0.5]","[0.730521602376302, 0.7382751210530599]","[0.7944, 0.7915333333333333]",0,1
15,90,5760,0.6823952835083008,0.8057333333333334,,,"[0, 1]","[0.5, 0.5]","[0.6793306009928386, 0.685459966023763]","[0.808, 0.8034666666666667]",0,1
16,96,6144,0.6015111022949219,0.8408333333333333,,,"[0, 1]","[0.5, 0.5]","[0.5986029184977214, 0.6044192860921224]","[0.8434666666666667, 0.8382]",0,1
17,102,6528,0.7745235816955567,0.7405999999999999,,,"[0, 1]","[0.5, 0.5]","[0.7679223866780599, 0.7811247767130534]","[0.7428666666666667, 0.7383333333333333]",0,1
18,108,6912,0.5644498240152995,0.8264333333333334,,,"[0, 1]","[0.5, 0.5]","[0.5599594299316406, 0.5689402180989583]","[0.8296, 0.8232666666666667]",0,1
19,114,7296,0.5045143852233887,0.8409,,,"[0, 1]","[0.5, 0.5]","[0.49698990376790364, 0.5120388666788737]","[0.8443333333333334, 0.8374666666666667]",0,1
20,120,7680,1.0842184626261393,0.6476999999999999,,,"[0, 1]","[0.5, 0.5]","[1.0740579620361328, 1.0943789632161458]","[0.6498, 0.6456]",0,1
21,126,8064,0.575290380859375,0.8186333333333333,,,"[0, 1]","[0.5, 0.5]","[0.572412543741862, 0.578168217976888]","[0.8203333333333334, 0.8169333333333333]",0,1
22,132,8448,0.49227036844889327,0.8337333333333333,,,"[0, 1]","[0.5, 0.5]","[0.48784593251546227, 0.4966948043823242]","[0.8370666666666666, 0.8304]",0,1
23,138,8832,0.42163363545735677,0.8872666666666666,,,"[0, 1]","[0.5, 0.5]","[0.4180644302368164, 0.42520284067789715]","[0.8902, 0.8843333333333333]",0,1
24,144,9216,0.44231328239440915,0.8738333333333334,,,"[0, 1]","[0.5, 0.5]","[0.4396825284322103, 0.44494403635660806]","[0.8748666666666667, 0.8728]",0,1
25,150,9600,0.40219676895141604,0.8869333333333334,,,"[0, 1]","[0.5, 0.5]","[0.39662136637369794, 0.40777217152913414]","[0.8892, 0.8846666666666667]",0,1
26,156,9984,0.43779377059936525,0.8680666666666667,,,"[0, 1]","[0.5, 0.5]","[0.4342464340209961, 0.4413411071777344]","[0.8707333333333334, 0.8654]",0,1
27,162,10368,0.37734257583618164,0.8946333333333334,,,"[0, 1]","[0.5, 0.5]","[0.37118969116210937, 0.3834954605102539]","[0.8968, 0.8924666666666666]",0,1
28,168,10752,0.3679973897298177,0.8958666666666666,,,"[0, 1]","[0.5, 0.5]","[0.36270438690185547, 0.37329039255777996]","[0.9004, 0.8913333333333333]",0,1
29,174,11136,0.35313695449829097,0.8961333333333333,,,"[0, 1]","[0.5, 0.5]","[0.34766864624023436, 0.35860526275634763]","[0.8982666666666667, 0.894]",0,1
30,180,11520,0.41531049804687503,0.8648666666666667,0.09784240275621414,1.9004391431808472,"[0, 1]","[0.5, 0.5]","[0.4106502850850423, 0.4199707110087077]","[0.8664, 0.8633333333333333]",0,1
0,0,0,2.306821085611979,0.10706666666666667,0.07011768966913223,0.6291294097900391,[],[],"[2.3074941243489584, 2.306148046875]","[0.1054, 0.10873333333333333]",0,5
1,10,640,2.2234433990478513,0.10646666666666667,,,"[0, 1]","[0.5, 0.5]","[2.2231904296875, 2.223696368408203]","[0.10493333333333334, 0.108]",0,5
2,20,1280,2.0992666931152346,0.6177333333333332,,,"[0, 1]","[0.5, 0.5]","[2.097539512125651, 2.1009938741048177]","[0.6264666666666666, 0.609]",0,5
3,30,1920,1.8844510803222656,0.6378333333333333,,,"[0, 1]","[0.5, 0.5]","[1.881563692220052, 1.8873384684244792]","[0.6402, 0.6354666666666666]",0,5
4,40,2560,1.54627818552653,0.6403666666666668,,,"[0, 1]","[0.5, 0.5]","[1.5411034311930338, 1.551452939860026]","[0.6437333333333334, 0.637]",0,5
5,50,3200,1.4909239939371743,0.5552,,,"[0, 1]","[0.5, 0.5]","[1.4755842407226563, 1.5062637471516926]","[0.5652666666666667, 0.5451333333333334]",0,5
6,60,3840,1.0479091028849283,0.6397999999999999,,,"[0, 1]","[0.5, 0.5]","[1.0432081064860026, 1.052610099283854]","[0.6445333333333333, 0.6350666666666667]",0,5
7,70,4480,1.070276249186198,0.6560999999999999,,,"[0, 1]","[0.5, 0.5]","[1.0652052408854167, 1.0753472574869791]","[0.6564666666666666, 0.6557333333333333]",0,5
8,80,5120,0.7532197883605957,0.7931333333333334,,,"[0, 1]","[0.5, 0.5]","[0.7507502995808919, 0.7556892771402994]","[0.798, 0.7882666666666667]",0,5
9,90,5760,0.6837106862386068,0.7794333333333333,,,"[0, 1]","[0.5, 0.5]","[0.6823885070800781, 0.6850328653971354]","[0.7802, 0.7786666666666666]",0,5
10,100,6400,0.6284992121378581,0.8263333333333334,,,"[0, 1]","[0.5, 0.5]","[0.6229178700764973, 0.6340805541992187]","[0.8292666666666667, 0.8234]",0,5
11,110,7040,0.5578559763590495,0.8297666666666667,,,"[0, 1]","[0.5, 0.5]","[0.5544670298258464, 0.5612449228922526]","[0.8335333333333333, 0.826]",0,5
12,120,7680,0.6191177630106608,0.8135666666666667,,,"[0, 1]","[0.5, 0.5]","[0.6145542938232422, 0.6236812321980795]","[0.817, 0.8101333333333334]",0,5
13,130,8320,0.5095229008992513,0.8694999999999999,,,"[0, 1]","[0.5, 0.5]","[0.5067523376464844, 0.5122934641520183]","[0.8714666666666666, 0.8675333333333334]",0,5
14,140,8960,0.46550018259684245,0.8563333333333334,,,"[0, 1]","[0.5, 0.5]","[0.4635720703125, 0.46742829488118487]","[0.8582666666666666, 0.8544]",0,5
15,150,9600,0.45663322168986004,0.8606333333333334,,,"[0, 1]","[0.5, 0.5]","[0.45433437576293945, 0.4589320676167806]","[0.8636666666666667, 0.8576]",0,5
16,160,10240,0.4026869897206624,0.8829666666666667,,,"[0, 1]","[0.5, 0.5]","[0.4022293144226074, 0.40314466501871743]","[0.8838666666666667, 0.8820666666666667]",0,5
17,170,10880,0.42878601582845055,0.8576666666666667,,,"[0, 1]","[0.5, 0.5]","[0.42657135111490885, 0.4310006805419922]","[0.8574666666666667, 0.8578666666666667]",0,5
18,180,11520,0.35866151199340823,0.891,,,"[0, 1]","[0.5, 0.5]","[0.3561087158203125, 0.3612143081665039]","[0.8922666666666667, 0.8897333333333334]",0,5
19,190,12160,0.3293998026529948,0.9005000000000001,,,"[0, 1]","[0.5, 0.5]","[0.3246699396769206, 0.334129665629069]","[0.9007333333333334, 0.9002666666666667]",0,5
20,200,12800,0.38521554463704427,0.8803333333333334,,,"[0, 1]","[0.5, 0.5]","[0.3802864776611328, 0.3901446116129557]","[0.8831333333333333, 0.8775333333333334]",0,5
21,210,13440,0.3019016426086426,0.9108666666666667,,,"[0, 1]","[0.5, 0.5]","[0.29720848642985026, 0.3065947987874349]","[0.913, 0.9087333333333333]",0,5
22,220,14080,0.2963089408874512,0.9116333333333333,,,"[0, 1]","[0.5, 0.5]","[0.29304054311116534, 0.299577338663737]","[0.9126, 0.9106666666666666]",0,5
23,230,14720,0.2694980878194173,0.9200999999999999,,,"[0, 1]","[0.5, 0.5]","[0.26682127634684244, 0.2721748992919922]","[0.9207333333333333, 0.9194666666666667]",0,5
24,240,15360,0.27041760940551757,0.9241333333333333,,,"[0, 1]","[0.5, 0.5]","[0.26835163269042966, 0.27248358612060547]","[0.9258666666666666, 0.9224]",0,5
25,250,16000,0.2847034235636393,0.9143,,,"[0, 1]","[0.5, 0.5]","[0.2799807642618815, 0.2894260828653971]","[0.9172666666666667, 0.9113333333333333]",0,5
26,260,16640,0.2643141663869222,0.9236666666666666,,,"[0, 1]","[0.5, 0.5]","[0.26151374384562176, 0.26711458892822265]","[0.9239333333333334, 0.9234]",0,5
27,270,17280,0.28215923970540363,0.9127000000000001,,,"[0, 1]","[0.5, 0.5]","[0.2771899134318034, 0.2871285659790039]","[0.9139333333333334, 0.9114666666666666]",0,5
28,280,17920,0.24331849199930827,0.9279666666666666,,,"[0, 1]","[0.5, 0.5]","[0.23897553151448567, 0.24766145248413085]","[0.9288666666666666, 0.9270666666666667]",0,5
29,290,18560,0.2524960091908773,0.9233,,,"[0, 1]","[0.5, 0.5]","[0.24753979161580403, 0.25745222676595053]","[0.924, 0.9226]",0,5
30,300,19200,0.24933773682912191,0.9248666666666667,0.09460771083831787,1.2377334833145142,"[0, 1]","[0.5, 0.5]","[0.2475869328816732, 0.2510885407765706]","[0.9252, 0.9245333333333333]",0,5
0,0,0,2.306821085611979,0.10706666666666667,0.07011768966913223,0.6291294097900391,[],[],"[2.3074941243489584, 2.306148046875]","[0.1054, 0.10873333333333333]",0,10
1,15,960,2.1679576517740884,0.1875,,,"[0, 1]","[0.5, 0.5]","[2.1677075642903647, 2.1682077392578125]","[0.1954, 0.1796]",0,10
2,30,1920,1.8805775227864583,0.6743,,,"[0, 1]","[0.5, 0.5]","[1.8791401977539062, 1.8820148478190104]","[0.6873333333333334, 0.6612666666666667]",0,10
3,45,2880,1.3428589467366536,0.6096333333333334,,,"[0, 1]","[0.5, 0.5]","[1.338864501953125, 1.3468533915201824]","[0.6166, 0.6026666666666667]",0,10
4,60,3840,1.064832435099284,0.6805,,,"[0, 1]","[0.5, 0.5]","[1.0614965637207032, 1.0681683064778646]","[0.6848666666666666, 0.6761333333333334]",0,10
5,75,4800,0.9094471654256184,0.6873666666666667,,,"[0, 1]","[0.5, 0.5]","[0.902613774617513, 0.916280556233724]","[0.6912666666666667, 0.6834666666666667]",0,10
6,90,5760,0.7152541570027668,0.7894,,,"[0, 1]","[0.5, 0.5]","[0.7115658264160156, 0.7189424875895182]","[0.7928, 0.786]",0,10
7,105,6720,0.7197845578511557,0.7736666666666667,,,"[0, 1]","[0.5, 0.5]","[0.7190151687622071, 0.7205539469401042]","[0.7742666666666667, 0.7730666666666667]",0,10
8,120,7680,0.5342883371988932,0.8458666666666668,,,"[0, 1]","[0.5, 0.5]","[0.5346456024169922, 0.5339310719807943]","[0.8483333333333334, 0.8434]",0,10
9,135,8640,0.4454156316121419,0.8791,,,"[0, 1]","[0.5, 0.5]","[0.44357168731689456, 0.44725957590738935]","[0.8804666666666666, 0.8777333333333334]",0,10
10,150,9600,0.39508748207092287,0.8856333333333333,,,"[0, 1]","[0.5, 0.5]","[0.39174470189412436, 0.3984302622477214]","[0.8860666666666667, 0.8852]",0,10
11,165,10560,0.4338628196716309,0.8610666666666666,,,"[0, 1]","[0.5, 0.5]","[0.4319746887207031, 0.4357509506225586]","[0.8614, 0.8607333333333334]",0,10
12,180,11520,0.349900936126709,0.8994,,,"[0, 1]","[0.5, 0.5]","[0.3476446838378906, 0.35215718841552734]","[0.9018, 0.897]",0,10
13,195,12480,0.3251615865071614,0.9114333333333333,,,"[0, 1]","[0.5, 0.5]","[0.3243477498372396, 0.32597542317708333]","[0.9112, 0.9116666666666666]",0,10
14,210,13440,0.36240573145548505,0.8825333333333334,,,"[0, 1]","[0.5, 0.5]","[0.3608901476542155, 0.3639213152567546]","[0.8848, 0.8802666666666666]",0,10
15,225,14400,0.3004013902028402,0.9083333333333333,,,"[0, 1]","[0.5, 0.5]","[0.2991473823547363, 0.301655398050944]","[0.9085333333333333, 0.9081333333333333]",0,10
16,240,15360,0.270225602722168,0.9238999999999999,,,"[0, 1]","[0.5, 0.5]","[0.2706101323445638, 0.2698410730997721]","[0.9236, 0.9242]",0,10
17,255,16320,0.25935507024129234,0.9228666666666667,,,"[0, 1]","[0.5, 0.5]","[0.2581194076538086, 0.26059073282877604]","[0.9226, 0.9231333333333334]",0,10
18,270,17280,0.27124880498250326,0.9123333333333333,,,"[0, 1]","[0.5, 0.5]","[0.2709375834147135, 0.271560026550293]","[0.9122666666666667, 0.9124]",0,10
19,285,18240,0.23870300547281903,0.9267666666666667,,,"[0, 1]","[0.5, 0.5]","[0.2363642473856608, 0.24104176355997722]","[0.9264666666666667, 0.9270666666666667]",0,10
20,300,19200,0.22619043267567954,0.9319999999999999,,,"[0, 1]","[0.5, 0.5]","[0.22503438771565756, 0.2273464776357015]","[0.9328, 0.9312]",0,10
21,315,20160,0.2231478853861491,0.9314,,,"[0, 1]","[0.5, 0.5]","[0.2209187774658203, 0.22537699330647787]","[0.9332, 0.9296]",0,10
22,330,21120,0.21201871344248452,0.9367000000000001,,,"[0, 1]","[0.5, 0.5]","[0.2110345302581787, 0.21300289662679037]","[0.937, 0.9364]",0,10
23,345,22080,0.20131762835184733,0.9390666666666667,,,"[0, 1]","[0.5, 0.5]","[0.2006025370279948, 0.20203271967569986]","[0.9400666666666667, 0.9380666666666667]",0,10
24,360,23000,0.20224301160176594,0.9387666666666667,,,"[0, 1]","[0.5, 0.5]","[0.20223812014261883, 0.2022479030609131]","[0.9392, 0.9383333333333334]",0,10
25,375,23960,0.21404837112426758,0.9351666666666667,,,"[0, 1]","[0.5, 0.5]","[0.21145611470540365, 0.21664062754313151]","[0.9362, 0.9341333333333334]",0,10
26,390,24920,0.1956088296254476,0.9415,,,"[0, 1]","[0.5, 0.5]","[0.1920568192799886, 0.19916083997090658]","[0.9422666666666667, 0.9407333333333333]",0,10
27,405,25880,0.17779757900238036,0.9491333333333334,,,"[0, 1]","[0.5, 0.5]","[0.17611226374308267, 0.17948289426167807]","[0.9501333333333334, 0.9481333333333334]",0,10
28,420,26840,0.1765157050450643,0.9468333333333333,,,"[0, 1]","[0.5, 0.5]","[0.17540216636657716, 0.17762924372355143]","[0.9470666666666666, 0.9466]",0,10
29,435,27800,0.18954037481943764,0.9392666666666667,,,"[0, 1]","[0.5, 0.5]","[0.18516736844380696, 0.19391338119506835]","[0.9403333333333334, 0.9382]",0,10
30,450,28760,0.1632778367360433,0.9517333333333333,0.08906321972608566,0.5823182463645935,"[0, 1]","[0.5, 0.5]","[0.16217139956156412, 0.16438427391052246]","[0.9514666666666667, 0.952]",0,10
0,0,0,2.306821085611979,0.10706666666666667,0.07011768966913223,0.6291294097900391,[],[],"[2.3074941243489584, 2.306148046875]","[0.1054, 0.10873333333333333]",0,20
1,25,1600,1.963683524576823,0.45089999999999997,,,"[0, 1]","[0.5, 0.5]","[1.9635036092122395, 1.9638634399414063]","[0.46326666666666666, 0.43853333333333333]",0,20
2,50,3200,1.3351510838826497,0.6323000000000001,,,"[0, 1]","[0.5, 0.5]","[1.3338610595703124, 1.336441108194987]","[0.6368, 0.6278]",0,20
3,75,4800,0.9062002680460612,0.7458666666666667,,,"[0, 1]","[0.5, 0.5]","[0.9023200154622396, 0.9100805206298828]","[0.7507333333333334, 0.741]",0,20
4,100,6400,0.6096308293660482,0.8235333333333333,,,"[0, 1]","[0.5, 0.5]","[0.6072925272623698, 0.6119691314697265]","[0.827, 0.8200666666666667]",0,20
5,125,8000,0.5176747550964356,0.845,,,"[0, 1]","[0.5, 0.5]","[0.5138814676920573, 0.5214680425008138]","[0.8468, 0.8432]",0,20
6,150,9600,0.3781568072001139,0.8952,,,"[0, 1]","[0.5, 0.5]","[0.37666109670003256, 0.3796525177001953]","[0.897, 0.8934]",0,20
7,175,11200,0.36181815465291345,0.8976999999999999,,,"[0, 1]","[0.5, 0.5]","[0.36109563852945964, 0.3625406707763672]","[0.8981333333333333, 0.8972666666666667]",0,20
8,200,12800,0.3009989074707031,0.9167333333333334,,,"[0, 1]","[0.5, 0.5]","[0.30129671020507814, 0.3007011047363281]","[0.9161333333333334, 0.9173333333333333]",0,20
9,225,14400,0.27437274570465087,0.9188666666666667,,,"[0, 1]","[0.5, 0.5]","[0.273689559173584, 0.2750559322357178]","[0.9179333333333334, 0.9198]",0,20
10,250,16000,0.25951129315694177,0.9226666666666666,,,"[0, 1]","[0.5, 0.5]","[0.25812991027832033, 0.26089267603556315]","[0.9236666666666666, 0.9216666666666666]",0,20
11,275,17600,0.22984996865590412,0.9321666666666667,,,"[0, 1]","[0.5, 0.5]","[0.23074146575927734, 0.22895847155253093]","[0.9311333333333334, 0.9332]",0,20
12,300,19160,0.2198457602818807,0.9335,,,"[0, 1]","[0.5, 0.5]","[0.22103559951782226, 0.21865592104593912]","[0.9332, 0.9338]",0,20
13,325,20760,0.20431532713572184,0.9419666666666666,,,"[0, 1]","[0.5, 0.5]","[0.20302087148030598, 0.2056097827911377]","[0.9426, 0.9413333333333334]",0,20
14,350,22360,0.21232152620951333,0.9354333333333333,,,"[0, 1]","[0.5, 0.5]","[0.21341494369506836, 0.21122810872395834]","[0.9347333333333333, 0.9361333333333334]",0,20
15,375,23960,0.18287945226033528,0.9464,,,"[0, 1]","[0.5, 0.5]","[0.18325422083536783, 0.18250468368530273]","[0.9466, 0.9462]",0,20
16,400,25560,0.1883854820251465,0.9430000000000001,,,"[0, 1]","[0.5, 0.5]","[0.18737230224609375, 0.18939866180419923]","[0.9438, 0.9422]",0,20
17,425,27160,0.19800168743133545,0.9355666666666667,,,"[0, 1]","[0.5, 0.5]","[0.1992446080525716, 0.1967587668100993]","[0.9350666666666667, 0.9360666666666667]",0,20
18,450,28760,0.17446096331278482,0.9455333333333333,,,"[0, 1]","[0.5, 0.5]","[0.17542190017700196, 0.1735000264485677]","[0.9448, 0.9462666666666667]",0,20
19,475,30360,0.15332457192738852,0.9537333333333333,,,"[0, 1]","[0.5, 0.5]","[0.1532684617360433, 0.15338068211873374]","[0.9528666666666666, 0.9546]",0,20
20,500,31960,0.14836275266011556,0.9539333333333333,,,"[0, 1]","[0.5, 0.5]","[0.14966907755533854, 0.14705642776489258]","[0.9531333333333334, 0.9547333333333333]",0,20
21,525,33560,0.15729810326894123,0.9538,,,"[0, 1]","[0.5, 0.5]","[0.15844081624348957, 0.1561553902943929]","[0.9532, 0.9544]",0,20
22,550,35160,0.14838439394632974,0.9555666666666667,,,"[0, 1]","[0.5, 0.5]","[0.1499068291982015, 0.146861958694458]","[0.9558666666666666, 0.9552666666666667]",0,20
23,575,36760,0.13189575045903523,0.9614,,,"[0, 1]","[0.5, 0.5]","[0.13358487129211427, 0.13020662962595622]","[0.9612, 0.9616]",0,20
24,600,38320,0.12708232250213625,0.9634,,,"[0, 1]","[0.5, 0.5]","[0.12776195411682129, 0.12640269088745118]","[0.9632, 0.9636]",0,20
25,625,39920,0.14341485392252604,0.9554666666666667,,,"[0, 1]","[0.5, 0.5]","[0.144367946879069, 0.14246176096598306]","[0.9554666666666667, 0.9554666666666667]",0,20
26,650,41520,0.12600214385986327,0.9617,,,"[0, 1]","[0.5, 0.5]","[0.12621511561075846, 0.1257891721089681]","[0.961, 0.9624]",0,20
27,675,43120,0.11854696467717488,0.9658,,,"[0, 1]","[0.5, 0.5]","[0.11969363110860189, 0.11740029824574788]","[0.9656666666666667, 0.9659333333333333]",0,20
28,700,44720,0.11790489956537882,0.965,,,"[0, 1]","[0.5, 0.5]","[0.11928169352213541, 0.11652810560862223]","[0.9641333333333333, 0.9658666666666667]",0,20
29,725,46320,0.11121785933176676,0.9661333333333333,,,"[0, 1]","[0.5, 0.5]","[0.11185230077107747, 0.11058341789245606]","[0.9666666666666667, 0.9656]",0,20
30,750,47920,0.11388040771484376,0.9656,0.07929521054029465,0.5638138055801392,"[0, 1]","[0.5, 0.5]","[0.11522883669535319, 0.1125319787343343]","[0.9650666666666666, 0.9661333333333333]",0,20
0,0,0,2.311401094563802,0.0692,0.06663820147514343,0.8286372423171997,[],[],"[2.311753377278646, 2.3110488118489583]","[0.07193333333333334, 0.06646666666666666]",1,1
1,6,384,2.228730480957031,0.1488,,,"[0, 1]","[0.5, 0.5]","[2.228282995605469, 2.2291779663085936]","[0.15353333333333333, 0.14406666666666668]",1,1
2,12,768,2.1403475962320964,0.4181666666666667,,,"[0, 1]","[0.5, 0.5]","[2.139826513671875, 2.1408686787923177]","[0.42593333333333333, 0.4104]",1,1
3,18,1152,2.017307728068034,0.502,,,"[0, 1]","[0.5, 0.5]","[2.0177088216145833, 2.0169066345214843]","[0.5014666666666666, 0.5025333333333334]",1,1
4,24,1536,1.8107332427978515,0.46033333333333337,,,"[0, 1]","[0.5, 0.5]","[1.8107182454427084, 1.8107482401529948]","[0.46173333333333333, 0.45893333333333336]",1,1
5,30,1920,1.6353909444173178,0.5784,,,"[0, 1]","[0.5, 0.5]","[1.6348465901692708, 1.6359352986653646]","[0.5772666666666667, 0.5795333333333333]",1,1
6,36,2304,1.51756696879069,0.5586,,,"[0, 1]","[0.5, 0.5]","[1.518968377685547, 1.5161655598958332]","[0.5588666666666666, 0.5583333333333333]",1,1
7,42,2688,1.323675513712565,0.6547000000000001,,,"[0, 1]","[0.5, 0.5]","[1.3200309692382812, 1.327320058186849]","[0.6596, 0.6498]",1,1
8,48,3072,1.1496795435587566,0.7440333333333333,,,"[0, 1]","[0.5, 0.5]","[1.1500273071289062, 1.1493317799886067]","[0.7418666666666667, 0.7462]",1,1
9,54,3456,1.0580550369262696,0.7211333333333334,,,"[0, 1]","[0.5, 0.5]","[1.0581353739420574, 1.0579746999104818]","[0.7226, 0.7196666666666667]",1,1
10,60,3840,0.9738650060017904,0.7084666666666666,,,"[0, 1]","[0.5, 0.5]","[0.9743334584554036, 0.9733965535481771]","[0.7101333333333333, 0.7068]",1,1
11,66,4224,1.1657231140136717,0.6248,,,"[0, 1]","[0.5, 0.5]","[1.1655194864908853, 1.1659267415364583]","[0.6236666666666667, 0.6259333333333333]",1,1
12,72,4608,0.7691191136678059,0.7958,,,"[0, 1]","[0.5, 0.5]","[0.7701650065104166, 0.7680732208251954]","[0.7957333333333333, 0.7958666666666666]",1,1
13,78,4992,0.7718628595987955,0.7948,,,"[0, 1]","[0.5, 0.5]","[0.7742461222330729, 0.7694795969645182]","[0.7953333333333333, 0.7942666666666667]",1,1
14,84,5376,0.8256476816813151,0.7354666666666667,,,"[0, 1]","[0.5, 0.5]","[0.8286337280273437, 0.8226616353352865]","[0.7335333333333334, 0.7374]",1,1
15,90,5760,0.6683210400899251,0.7962,,,"[0, 1]","[0.5, 0.5]","[0.6707676274617513, 0.665874452718099]","[0.798, 0.7944]",1,1
16,96,6144,0.6172262837727864,0.8111666666666667,,,"[0, 1]","[0.5, 0.5]","[0.6174615346272786, 0.6169910329182943]","[0.8133333333333334, 0.809]",1,1
17,102,6528,0.5922744750976563,0.7985,,,"[0, 1]","[0.5, 0.5]","[0.5943241495768229, 0.5902248006184896]","[0.7978, 0.7992]",1,1
18,108,6912,0.5240159441630046,0.8609333333333333,,,"[0, 1]","[0.5, 0.5]","[0.5237482635498046, 0.5242836247762044]","[0.8629333333333333, 0.8589333333333333]",1,1
19,114,7296,0.5229887657165527,0.8406,,,"[0, 1]","[0.5, 0.5]","[0.5199674545288085, 0.5260100769042969]","[0.8420666666666666, 0.8391333333333333]",1,1
20,120,7680,0.5186958460489909,0.8349666666666666,,,"[0, 1]","[0.5, 0.5]","[0.518924403889974, 0.5184672882080078]","[0.8352666666666667, 0.8346666666666667]",1,1
21,126,8064,0.5398325973510743,0.8261333333333334,,,"[0, 1]","[0.5, 0.5]","[0.5374824798583985, 0.54218271484375]","[0.8275333333333333, 0.8247333333333333]",1,1
22,132,8448,0.6793538602193196,0.7827999999999999,,,"[0, 1]","[0.5, 0.5]","[0.6818333918253581, 0.6768743286132812]","[0.7828666666666667, 0.7827333333333333]",1,1
23,138,8832,0.4284876775105794,0.8742333333333333,,,"[0, 1]","[0.5, 0.5]","[0.42591808319091795, 0.4310572718302409]","[0.8762666666666666, 0.8722]",1,1
24,144,9216,0.43070513636271157,0.8824,,,"[0, 1]","[0.5, 0.5]","[0.4327591807047526, 0.4286510920206706]","[0.8833333333333333, 0.8814666666666666]",1,1
25,150,9600,0.4199872554779053,0.8651333333333333,,,"[0, 1]","[0.5, 0.5]","[0.41830974146525063, 0.4216647694905599]","[0.8655333333333334, 0.8647333333333334]",1,1
26,156,9984,0.41419744453430174,0.8603666666666667,,,"[0, 1]","[0.5, 0.5]","[0.41044162979125975, 0.4179532592773437]","[0.8608666666666667, 0.8598666666666667]",1,1
27,162,10368,0.4843224253336589,0.8223333333333334,,,"[0, 1]","[0.5, 0.5]","[0.4867691009521484, 0.4818757497151693]","[0.8225333333333333, 0.8221333333333334]",1,1
28,168,10752,0.36366926841735836,0.8915,,,"[0, 1]","[0.5, 0.5]","[0.3637148722330729, 0.36362366460164386]","[0.8922666666666667, 0.8907333333333334]",1,1
29,174,11136,0.3515504439036051,0.9018666666666666,,,"[0, 1]","[0.5, 0.5]","[0.35202000122070315, 0.35108088658650716]","[0.9023333333333333, 0.9014]",1,1
30,180,11520,0.3873683073679606,0.8827666666666667,0.099175825715065,1.974163293838501,"[0, 1]","[0.5, 0.5]","[0.38841006088256835, 0.38632655385335285]","[0.8836666666666667, 0.8818666666666667]",1,1
0,0,0,2.311401094563802,0.0692,0.06663820147514343,0.8286372423171997,[],[],"[2.311753377278646, 2.3110488118489583]","[0.07193333333333334, 0.06646666666666666]",1,5
1,10,640,2.1844583404541016,0.26466666666666666,,,"[0, 1]","[0.5, 0.5]","[2.1839958984375, 2.1849207824707033]","[0.2792, 0.2501333333333333]",1,5
2,20,1280,2.014730008951823,0.3888333333333333,,,"[0, 1]","[0.5, 0.5]","[2.0140465861002603, 2.0154134318033856]","[0.4009333333333333, 0.3767333333333333]",1,5
3,30,1920,1.7313170725504556,0.42756666666666665,,,"[0, 1]","[0.5, 0.5]","[1.7292390279134116, 1.7333951171875]","[0.43193333333333334, 0.4232]",1,5
4,40,2560,1.6809381291707357,0.5183333333333333,,,"[0, 1]","[0.5, 0.5]","[1.6829051371256512, 1.6789711212158203]","[0.5184, 0.5182666666666667]",1,5
5,50,3200,1.406447748819987,0.5757333333333333,,,"[0, 1]","[0.5, 0.5]","[1.407776284790039, 1.4051192128499348]","[0.5748666666666666, 0.5766]",1,5
6,60,3840,0.9719789774576822,0.7081,,,"[0, 1]","[0.5, 0.5]","[0.977835166422526, 0.9661227884928385]","[0.7068666666666666, 0.7093333333333334]",1,5
7,70,4480,0.886389902750651,0.7467666666666667,,,"[0, 1]","[0.5, 0.5]","[0.884016025797526, 0.8887637797037761]","[0.7498666666666667, 0.7436666666666667]",1,5
8,80,5120,1.2418517272949219,0.6116,,,"[0, 1]","[0.5, 0.5]","[1.2381678649902343, 1.2455355895996094]","[0.6136666666666667, 0.6095333333333334]",1,5
9,90,5760,0.7925874402364095,0.7267333333333333,,,"[0, 1]","[0.5, 0.5]","[0.7943599792480469, 0.7908149012247722]","[0.7260666666666666, 0.7274]",1,5
10,100,6400,0.608826331837972,0.8281666666666667,,,"[0, 1]","[0.5, 0.5]","[0.6124300587972005, 0.6052226048787435]","[0.8264666666666667, 0.8298666666666666]",1,5
11,110,7040,0.569787828318278,0.8115333333333333,,,"[0, 1]","[0.5, 0.5]","[0.572272428894043, 0.5673032277425131]","[0.8124666666666667, 0.8106]",1,5
12,120,7680,0.4832666590372721,0.8593333333333333,,,"[0, 1]","[0.5, 0.5]","[0.4858477569580078, 0.48068556111653643]","[0.8596, 0.8590666666666666]",1,5
13,130,8320,0.5836115938822428,0.8008333333333333,,,"[0, 1]","[0.5, 0.5]","[0.5860946329752604, 0.5811285547892253]","[0.8018666666666666, 0.7998]",1,5
14,140,8960,0.5200049980163575,0.8304666666666667,,,"[0, 1]","[0.5, 0.5]","[0.523422021484375, 0.5165879745483398]","[0.8288, 0.8321333333333333]",1,5
15,150,9600,0.4269334813435872,0.8662666666666666,,,"[0, 1]","[0.5, 0.5]","[0.43166838836669924, 0.42219857432047525]","[0.8664, 0.8661333333333333]",1,5
16,160,10240,0.45766955134073894,0.8566333333333334,,,"[0, 1]","[0.5, 0.5]","[0.46071144256591795, 0.4546276601155599]","[0.8562, 0.8570666666666666]",1,5
17,170,10880,0.375595362218221,0.8884666666666667,,,"[0, 1]","[0.5, 0.5]","[0.3757324877421061, 0.3754582366943359]","[0.888, 0.8889333333333334]",1,5
18,180,11520,0.3530511725107829,0.8924333333333334,,,"[0, 1]","[0.5, 0.5]","[0.3522187614440918, 0.35388358357747396]","[0.8922, 0.8926666666666667]",1,5
19,190,12160,0.33414766222635905,0.9016666666666666,,,"[0, 1]","[0.5, 0.5]","[0.332094772084554, 0.33620055236816404]","[0.9027333333333334, 0.9006]",1,5
20,200,12800,0.3106782099405925,0.9095666666666666,,,"[0, 1]","[0.5, 0.5]","[0.31314174601236977, 0.3082146738688151]","[0.9085333333333333, 0.9106]",1,5
21,210,13440,0.31554266700744626,0.9011666666666667,,,"[0, 1]","[0.5, 0.5]","[0.3183214464823405, 0.3127638875325521]","[0.8998666666666667, 0.9024666666666666]",1,5
22,220,14080,0.3182748287200928,0.9045333333333334,,,"[0, 1]","[0.5, 0.5]","[0.3209075917561849, 0.31564206568400066]","[0.9052666666666667, 0.9038]",1,5
23,230,14720,0.3032223698933919,0.9097,,,"[0, 1]","[0.5, 0.5]","[0.30592110087076824, 0.30052363891601563]","[0.9083333333333333, 0.9110666666666667]",1,5
24,240,15360,0.3015453572591146,0.9099666666666667,,,"[0, 1]","[0.5, 0.5]","[0.302301362101237, 0.3007893524169922]","[0.9098, 0.9101333333333333]",1,5
25,250,16000,0.26605734481811527,0.9186000000000001,,,"[0, 1]","[0.5, 0.5]","[0.2677505121866862, 0.26436417744954427]","[0.9179333333333334, 0.9192666666666667]",1,5
26,260,16640,0.26410387179056805,0.9193,,,"[0, 1]","[0.5, 0.5]","[0.2648153231302897, 0.2633924204508464]","[0.9203333333333333, 0.9182666666666667]",1,5
27,270,17280,0.2513842993418376,0.9237333333333333,,,"[0, 1]","[0.5, 0.5]","[0.2539533208211263, 0.24881527786254884]","[0.9228666666666666, 0.9246]",1,5
28,280,17920,0.2660470722198486,0.9187666666666667,,,"[0, 1]","[0.5, 0.5]","[0.2665177691141764, 0.2655763753255208]","[0.9179333333333334, 0.9196]",1,5
29,290,18560,0.23388998362223307,0.9293666666666667,,,"[0, 1]","[0.5, 0.5]","[0.23435105438232423, 0.23342891286214193]","[0.9293333333333333, 0.9294]",1,5
30,300,19200,0.2688322377522786,0.9178666666666666,0.10061414539813995,1.5168431997299194,"[0, 1]","[0.5, 0.5]","[0.27370498428344725, 0.26395949122111]","[0.9166666666666666, 0.9190666666666667]",1,5
0,0,0,2.311401094563802,0.0692,0.06663820147514343,0.8286372423171997,[],[],"[2.311753377278646, 2.3110488118489583]","[0.07193333333333334, 0.06646666666666666]",1,10
1,15,960,2.1093252075195315,0.37060000000000004,,,"[0, 1]","[0.5, 0.5]","[2.108804541015625, 2.1098458740234376]","[0.38153333333333334, 0.3596666666666667]",1,10
2,30,1920,1.8147127899169921,0.5617333333333334,,,"[0, 1]","[0.5, 0.5]","[1.8157841674804687, 1.8136414123535156]","[0.5601333333333334, 0.5633333333333334]",1,10
3,45,2880,1.2887513254801433,0.6055333333333334,,,"[0, 1]","[0.5, 0.5]","[1.2914281473795572, 1.286074503580729]","[0.6034, 0.6076666666666667]",1,10
4,60,3840,0.9859448013305664,0.6869666666666667,,,"[0, 1]","[0.5, 0.5]","[0.9886147644042969, 0.9832748382568359]","[0.6852, 0.6887333333333333]",1,10
5,75,4800,0.8613254018147787,0.7381,,,"[0, 1]","[0.5, 0.5]","[0.8650979309082031, 0.8575528727213542]","[0.7360666666666666, 0.7401333333333333]",1,10
6,90,5760,0.7371482454935709,0.7431333333333333,,,"[0, 1]","[0.5, 0.5]","[0.7421402353922526, 0.7321562555948893]","[0.7399333333333333, 0.7463333333333333]",1,10
7,105,6720,0.5771561874389648,0.8265666666666667,,,"[0, 1]","[0.5, 0.5]","[0.5793644256591797, 0.57494794921875]","[0.828, 0.8251333333333334]",1,10
8,120,7680,0.6626002924601238,0.7966,,,"[0, 1]","[0.5, 0.5]","[0.6658086079915364, 0.659391976928711]","[0.7972666666666667, 0.7959333333333334]",1,10
9,135,8640,0.6496530258178711,0.7653333333333333,,,"[0, 1]","[0.5, 0.5]","[0.6512440012613933, 0.6480620503743489]","[0.7644, 0.7662666666666667]",1,10
10,150,9600,0.4770821601867676,0.8468333333333333,,,"[0, 1]","[0.5, 0.5]","[0.4818507878621419, 0.47231353251139324]","[0.8450666666666666, 0.8486]",1,10
11,165,10560,0.36436167907714845,0.8945666666666667,,,"[0, 1]","[0.5, 0.5]","[0.3665980852762858, 0.36212527287801105]","[0.8938, 0.8953333333333333]",1,10
12,180,11520,0.3921760954538981,0.8755333333333333,,,"[0, 1]","[0.5, 0.5]","[0.3911139991760254, 0.3932381917317708]","[0.8776, 0.8734666666666666]",1,10
13,195,12480,0.34198158594767253,0.8950666666666667,,,"[0, 1]","[0.5, 0.5]","[0.34329871673583984, 0.3406644551595052]","[0.8958, 0.8943333333333333]",1,10
14,210,13440,0.3274960277557373,0.8991333333333333,,,"[0, 1]","[0.5, 0.5]","[0.32832552897135414, 0.32666652654012046]","[0.8987333333333334, 0.8995333333333333]",1,10
15,225,14400,0.3129909385681152,0.9047333333333334,,,"[0, 1]","[0.5, 0.5]","[0.31764283701578777, 0.3083390401204427]","[0.9038, 0.9056666666666666]",1,10
16,240,15360,0.2803805128733317,0.9185,,,"[0, 1]","[0.5, 0.5]","[0.2805245585123698, 0.28023646723429363]","[0.9204, 0.9166]",1,10
17,255,16320,0.2740981887817383,0.9215666666666666,,,"[0, 1]","[0.5, 0.5]","[0.27599365819295246, 0.2722027193705241]","[0.9216, 0.9215333333333333]",1,10
18,270,17280,0.2621453974405924,0.9206666666666667,,,"[0, 1]","[0.5, 0.5]","[0.2625070576985677, 0.26178373718261716]","[0.9219333333333334, 0.9194]",1,10
19,285,18240,0.2719141314188639,0.9149333333333334,,,"[0, 1]","[0.5, 0.5]","[0.2716678085327148, 0.272160454305013]","[0.9145333333333333, 0.9153333333333333]",1,10
20,300,19200,0.24173684908548992,0.9269000000000001,,,"[0, 1]","[0.5, 0.5]","[0.24430503362019856, 0.23916866455078126]","[0.9258, 0.928]",1,10
21,315,20160,0.22837918071746827,0.9313333333333333,,,"[0, 1]","[0.5, 0.5]","[0.2305837698618571, 0.22617459157307943]","[0.9307333333333333, 0.9319333333333333]",1,10
22,330,21120,0.2258058069229126,0.9312333333333334,,,"[0, 1]","[0.5, 0.5]","[0.22757952766418457, 0.22403208618164064]","[0.9304666666666667, 0.932]",1,10
23,345,22080,0.2073347187678019,0.9387666666666666,,,"[0, 1]","[0.5, 0.5]","[0.20976115455627442, 0.20490828297932942]","[0.9379333333333333, 0.9396]",1,10
24,360,23000,0.23541803741455078,0.9277666666666666,,,"[0, 1]","[0.5, 0.5]","[0.23971187133789063, 0.23112420349121093]","[0.9258, 0.9297333333333333]",1,10
25,375,23960,0.194882231203715,0.9420666666666666,,,"[0, 1]","[0.5, 0.5]","[0.19814560508728027, 0.19161885732014974]","[0.9416, 0.9425333333333333]",1,10
26,390,24920,0.2050763406117757,0.9378666666666666,,,"[0, 1]","[0.5, 0.5]","[0.2069536954243978, 0.20319898579915366]","[0.9378666666666666, 0.9378666666666666]",1,10
27,405,25880,0.18516375656127929,0.9472333333333334,,,"[0, 1]","[0.5, 0.5]","[0.18804083964029947, 0.1822866734822591]","[0.9476, 0.9468666666666666]",1,10
28,420,26840,0.19870027205149332,0.9381333333333333,,,"[0, 1]","[0.5, 0.5]","[0.20074402656555176, 0.1966565175374349]","[0.9368, 0.9394666666666667]",1,10
29,435,27800,0.17271309521993,0.949,,,"[0, 1]","[0.5, 0.5]","[0.174804039255778, 0.17062215118408203]","[0.949, 0.949]",1,10
30,450,28760,0.18927594814300536,0.9429000000000001,0.09599218517541885,1.0104166269302368,"[0, 1]","[0.5, 0.5]","[0.19446860211690267, 0.18408329416910807]","[0.9415333333333333, 0.9442666666666667]",1,10
0,0,0,2.311401094563802,0.0692,0.06663820147514343,0.8286372423171997,[],[],"[2.311753377278646, 2.3110488118489583]","[0.07193333333333334, 0.06646666666666666]",1,20
1,25,1600,1.9994553771972656,0.4669,,,"[0, 1]","[0.5, 0.5]","[1.9987828247070312, 2.0001279296875]","[0.4723333333333333, 0.4614666666666667]",1,20
2,50,3200,1.1348115885416665,0.7296333333333334,,,"[0, 1]","[0.5, 0.5]","[1.134626410929362, 1.1349967661539713]","[0.7304666666666667, 0.7288]",1,20
3,75,4800,0.9005223587036133,0.7288666666666667,,,"[0, 1]","[0.5, 0.5]","[0.9040678873697917, 0.8969768300374349]","[0.7298666666666667, 0.7278666666666667]",1,20
4,100,6400,0.7751007181803385,0.7293333333333334,,,"[0, 1]","[0.5, 0.5]","[0.780736142985026, 0.7694652933756511]","[0.7262666666666666, 0.7324]",1,20
5,125,8000,0.5155632853190104,0.8385,,,"[0, 1]","[0.5, 0.5]","[0.5159108108520508, 0.51521575978597]","[0.8408666666666667, 0.8361333333333333]",1,20
6,150,9600,0.4186909058888753,0.8729,,,"[0, 1]","[0.5, 0.5]","[0.42116164779663084, 0.4162201639811198]","[0.8715333333333334, 0.8742666666666666]",1,20
7,175,11200,0.36303433049519857,0.8937999999999999,,,"[0, 1]","[0.5, 0.5]","[0.3628472468058268, 0.3632214141845703]","[0.895, 0.8926]",1,20
8,200,12800,0.3220321678161621,0.9060666666666667,,,"[0, 1]","[0.5, 0.5]","[0.32337156016031904, 0.3206927754720052]","[0.9063333333333333, 0.9058]",1,20
9,225,14400,0.30689437662760416,0.9047666666666667,,,"[0, 1]","[0.5, 0.5]","[0.31149324315389, 0.30229551010131833]","[0.9036666666666666, 0.9058666666666667]",1,20
10,250,16000,0.27262285486857096,0.9185333333333333,,,"[0, 1]","[0.5, 0.5]","[0.2759873224894206, 0.26925838724772133]","[0.9164666666666667, 0.9206]",1,20
11,275,17600,0.27077917455037437,0.9174666666666667,,,"[0, 1]","[0.5, 0.5]","[0.27111824951171876, 0.2704400995890299]","[0.9177333333333333, 0.9172]",1,20
12,300,19160,0.22973330605824788,0.9318333333333333,,,"[0, 1]","[0.5, 0.5]","[0.23215201784769693, 0.22731459426879883]","[0.9316666666666666, 0.932]",1,20
13,325,20760,0.23519472707112632,0.9293333333333333,,,"[0, 1]","[0.5, 0.5]","[0.236584952545166, 0.2338045015970866]","[0.9302666666666667, 0.9284]",1,20
14,350,22360,0.24575592981974284,0.9179666666666667,,,"[0, 1]","[0.5, 0.5]","[0.2455842788696289, 0.24592758076985677]","[0.917, 0.9189333333333334]",1,20
15,375,23960,0.19673757934570313,0.9389333333333334,,,"[0, 1]","[0.5, 0.5]","[0.20150012588500976, 0.1919750328063965]","[0.9374, 0.9404666666666667]",1,20
16,400,25560,0.1874555332183838,0.9436333333333333,,,"[0, 1]","[0.5, 0.5]","[0.19162747751871745, 0.18328358891805013]","[0.942, 0.9452666666666667]",1,20
17,425,27160,0.17540412050882975,0.9468333333333334,,,"[0, 1]","[0.5, 0.5]","[0.1789096321105957, 0.1718986089070638]","[0.9454666666666667, 0.9482]",1,20
18,450,28760,0.17277620658874512,0.9489333333333333,,,"[0, 1]","[0.5, 0.5]","[0.17613771464029948, 0.16941469853719077]","[0.9488, 0.9490666666666666]",1,20
19,475,30360,0.18427056210835774,0.9420999999999999,,,"[0, 1]","[0.5, 0.5]","[0.18629435958862306, 0.18224676462809244]","[0.942, 0.9422]",1,20
20,500,31960,0.1499315995534261,0.9548333333333333,,,"[0, 1]","[0.5, 0.5]","[0.15486541849772134, 0.14499778060913085]","[0.9536666666666667, 0.956]",1,20
21,525,33560,0.14853283007939655,0.9551666666666667,,,"[0, 1]","[0.5, 0.5]","[0.15324008617401122, 0.1438255739847819]","[0.9541333333333334, 0.9562]",1,20
22,550,35160,0.14346370112101237,0.9550666666666667,,,"[0, 1]","[0.5, 0.5]","[0.14853743273417155, 0.13838996950785318]","[0.9532666666666667, 0.9568666666666666]",1,20
23,575,36760,0.13680730673472086,0.9589666666666666,,,"[0, 1]","[0.5, 0.5]","[0.14194069684346516, 0.13167391662597655]","[0.9570666666666666, 0.9608666666666666]",1,20
24,600,38320,0.1478323085149129,0.9560666666666666,,,"[0, 1]","[0.5, 0.5]","[0.15291742719014487, 0.142747189839681]","[0.9541333333333334, 0.958]",1,20
25,625,39920,0.13200917037328086,0.9610666666666667,,,"[0, 1]","[0.5, 0.5]","[0.13711196333567302, 0.12690637741088867]","[0.9588, 0.9633333333333334]",1,20
26,650,41520,0.12860659650166828,0.9611666666666667,,,"[0, 1]","[0.5, 0.5]","[0.13400656026204427, 0.12320663274129232]","[0.9596666666666667, 0.9626666666666667]",1,20
27,675,43120,0.13153117141723633,0.9598666666666666,,,"[0, 1]","[0.5, 0.5]","[0.13551164067586263, 0.12755070215861003]","[0.9590666666666666, 0.9606666666666667]",1,20
28,700,44720,0.1301192840576172,0.961,,,"[0, 1]","[0.5, 0.5]","[0.13468729044596353, 0.12555127766927082]","[0.9601333333333333, 0.9618666666666666]",1,20
29,725,46320,0.12404506931304932,0.9629666666666666,,,"[0, 1]","[0.5, 0.5]","[0.12796342493693033, 0.12012671368916829]","[0.9621333333333333, 0.9638]",1,20
30,750,47920,0.13034044539133707,0.9603333333333333,0.0877424031496048,0.8108964562416077,"[0, 1]","[0.5, 0.5]","[0.1358580165863037, 0.12482287419637045]","[0.9586666666666667, 0.962]",1,20
0,0,0,2.3113351542154947,0.09873333333333334,0.061891019344329834,0.5863761305809021,[],[],"[2.3116019368489584, 2.311068371582031]","[0.0996, 0.09786666666666667]",2,1
1,6,384,2.270440692138672,0.24723333333333333,,,"[0, 1]","[0.5, 0.5]","[2.270596053059896, 2.270285331217448]","[0.24386666666666668, 0.2506]",2,1
2,12,768,2.2253447794596353,0.2967666666666666,,,"[0, 1]","[0.5, 0.5]","[2.224730879720052, 2.225958679199219]","[0.30266666666666664, 0.29086666666666666]",2,1
3,18,1152,2.175296553548177,0.3101333333333333,,,"[0, 1]","[0.5, 0.5]","[2.174268497721354, 2.176324609375]","[0.3192, 0.30106666666666665]",2,1
4,24,1536,2.089122268676758,0.4974333333333333,,,"[0, 1]","[0.5, 0.5]","[2.087704970296224, 2.0905395670572915]","[0.5024666666666666, 0.4924]",2,1
5,30,1920,1.9845997548421224,0.4784,,,"[0, 1]","[0.5, 0.5]","[1.982428116861979, 1.9867713928222657]","[0.4866, 0.4702]",2,1
6,36,2304,1.8408658884684246,0.5020666666666667,,,"[0, 1]","[0.5, 0.5]","[1.8387131286621095, 1.8430186482747395]","[0.5094666666666666, 0.49466666666666664]",2,1
7,42,2688,1.6798542434692383,0.44966666666666666,,,"[0, 1]","[0.5, 0.5]","[1.6772787719726563, 1.6824297149658203]","[0.46286666666666665, 0.43646666666666667]",2,1
8,48,3072,1.4575326151529948,0.5585666666666667,,,"[0, 1]","[0.5, 0.5]","[1.4566236389160157, 1.458441591389974]","[0.5612, 0.5559333333333333]",2,1
9,54,3456,1.328108130900065,0.5912666666666666,,,"[0, 1]","[0.5, 0.5]","[1.3242096272786459, 1.3320066345214843]","[0.5978666666666667, 0.5846666666666667]",2,1
10,60,3840,1.1915032786051434,0.666,,,"[0, 1]","[0.5, 0.5]","[1.1918673614501953, 1.1911391957600912]","[0.6689333333333334, 0.6630666666666667]",2,1
11,66,4224,1.1783731287638346,0.6045,,,"[0, 1]","[0.5, 0.5]","[1.1723464569091797, 1.1843998006184895]","[0.6122666666666666, 0.5967333333333333]",2,1
12,72,4608,1.1168344533284507,0.6045666666666667,,,"[0, 1]","[0.5, 0.5]","[1.1085975087483724, 1.1250713979085287]","[0.6124666666666667, 0.5966666666666667]",2,1
13,78,4992,1.0638363510131836,0.6546666666666667,,,"[0, 1]","[0.5, 0.5]","[1.0591136423746745, 1.0685590596516927]","[0.6613333333333333, 0.648]",2,1
14,84,5376,0.8642370961507162,0.7108333333333333,,,"[0, 1]","[0.5, 0.5]","[0.8603365152994792, 0.8681376770019531]","[0.7118, 0.7098666666666666]",2,1
15,90,5760,0.7647526748657227,0.7644,,,"[0, 1]","[0.5, 0.5]","[0.7647365885416667, 0.7647687611897787]","[0.7655333333333333, 0.7632666666666666]",2,1
16,96,6144,0.7070746485392252,0.7829999999999999,,,"[0, 1]","[0.5, 0.5]","[0.7069501403808593, 0.7071991566975911]","[0.7865333333333333, 0.7794666666666666]",2,1
17,102,6528,1.1235133748372395,0.6521666666666667,,,"[0, 1]","[0.5, 0.5]","[1.1101552388509115, 1.1368715108235676]","[0.6566, 0.6477333333333334]",2,1
18,108,6912,0.7775924545288087,0.7211666666666667,,,"[0, 1]","[0.5, 0.5]","[0.7751786641438803, 0.7800062449137369]","[0.7224666666666667, 0.7198666666666667]",2,1
19,114,7296,0.6098625742594401,0.8017666666666667,,,"[0, 1]","[0.5, 0.5]","[0.6084996724446614, 0.6112254760742187]","[0.8032666666666667, 0.8002666666666667]",2,1
20,120,7680,0.6407208839416504,0.8017333333333334,,,"[0, 1]","[0.5, 0.5]","[0.6376738388061524, 0.6437679290771484]","[0.8033333333333333, 0.8001333333333334]",2,1
21,126,8064,0.6901621943155924,0.7903333333333333,,,"[0, 1]","[0.5, 0.5]","[0.6829804138183594, 0.6973439748128255]","[0.7929333333333334, 0.7877333333333333]",2,1
22,132,8448,0.557628955078125,0.8134666666666667,,,"[0, 1]","[0.5, 0.5]","[0.5555356587727864, 0.5597222513834635]","[0.8148, 0.8121333333333334]",2,1
23,138,8832,0.5548561703999837,0.8101,,,"[0, 1]","[0.5, 0.5]","[0.5517441004435222, 0.5579682403564453]","[0.8098, 0.8104]",2,1
24,144,9216,0.474556610361735,0.8545666666666667,,,"[0, 1]","[0.5, 0.5]","[0.47294336802164716, 0.47616985270182294]","[0.8568666666666667, 0.8522666666666666]",2,1
25,150,9600,0.68668679784139,0.7767,,,"[0, 1]","[0.5, 0.5]","[0.6842959126790364, 0.6890776830037435]","[0.7776, 0.7758]",2,1
26,156,9984,0.6469422225952148,0.7705,,,"[0, 1]","[0.5, 0.5]","[0.6420196278889974, 0.6518648173014323]","[0.7725333333333333, 0.7684666666666666]",2,1
27,162,10368,0.554221356455485,0.8027666666666666,,,"[0, 1]","[0.5, 0.5]","[0.5499571222941081, 0.558485590616862]","[0.8041333333333334, 0.8014]",2,1
28,168,10752,0.41969511896769207,0.8814333333333333,,,"[0, 1]","[0.5, 0.5]","[0.41720572102864584, 0.4221845169067383]","[0.8824, 0.8804666666666666]",2,1
29,174,11136,0.40286166076660157,0.8807,,,"[0, 1]","[0.5, 0.5]","[0.4017856201171875, 0.40393770141601565]","[0.8804, 0.881]",2,1
30,180,11520,0.3713027072906494,0.8933,0.08479481935501099,0.8373051285743713,"[0, 1]","[0.5, 0.5]","[0.36881834411621095, 0.3737870704650879]","[0.893, 0.8936]",2,1
0,0,0,2.3113351542154947,0.09873333333333334,0.061891019344329834,0.5863761305809021,[],[],"[2.3116019368489584, 2.311068371582031]","[0.0996, 0.09786666666666667]",2,5
1,10,640,2.245545302327474,0.28346666666666664,,,"[0, 1]","[0.5, 0.5]","[2.2455790283203125, 2.2455115763346356]","[0.2846666666666667, 0.28226666666666667]",2,5
2,20,1280,2.158647116088867,0.4282,,,"[0, 1]","[0.5, 0.5]","[2.1584007568359374, 2.158893475341797]","[0.42746666666666666, 0.42893333333333333]",2,5
3,30,1920,2.0183931304931644,0.43656666666666666,,,"[0, 1]","[0.5, 0.5]","[2.017869903564453, 2.018916357421875]","[0.4446, 0.4285333333333333]",2,5
4,40,2560,1.7721223317464192,0.6513666666666666,,,"[0, 1]","[0.5, 0.5]","[1.7721641520182292, 1.7720805114746094]","[0.6564, 0.6463333333333333]",2,5
5,50,3200,1.4991665039062498,0.5848,,,"[0, 1]","[0.5, 0.5]","[1.4987273030598958, 1.4996057047526041]","[0.5903333333333334, 0.5792666666666667]",2,5
6,60,3840,1.4098176966349283,0.5996,,,"[0, 1]","[0.5, 0.5]","[1.4015541707356771, 1.4180812225341797]","[0.6058666666666667, 0.5933333333333334]",2,5
7,70,4480,1.117524696858724,0.6476999999999999,,,"[0, 1]","[0.5, 0.5]","[1.1182969706217447, 1.116752423095703]","[0.6496, 0.6458]",2,5
8,80,5120,1.3822245071411132,0.6015666666666667,,,"[0, 1]","[0.5, 0.5]","[1.3761786193847656, 1.3882703948974608]","[0.6027333333333333, 0.6004]",2,5
9,90,5760,0.7888717231750488,0.7762666666666667,,,"[0, 1]","[0.5, 0.5]","[0.7886153055826823, 0.7891281407674153]","[0.7796666666666666, 0.7728666666666667]",2,5
10,100,6400,0.9842292678833008,0.6611666666666667,,,"[0, 1]","[0.5, 0.5]","[0.9852076863606771, 0.9832508494059244]","[0.6618, 0.6605333333333333]",2,5
11,110,7040,0.6637895535786946,0.7964666666666667,,,"[0, 1]","[0.5, 0.5]","[0.6653745249430338, 0.6622045822143555]","[0.7964666666666667, 0.7964666666666667]",2,5
12,120,7680,0.6602291341145834,0.7508333333333332,,,"[0, 1]","[0.5, 0.5]","[0.6590978123982747, 0.661360455830892]","[0.7514666666666666, 0.7502]",2,5
13,130,8320,0.898562306213379,0.6978666666666666,,,"[0, 1]","[0.5, 0.5]","[0.8972188446044922, 0.8999057678222656]","[0.6996, 0.6961333333333334]",2,5
14,140,8960,0.5048220458984375,0.8415333333333332,,,"[0, 1]","[0.5, 0.5]","[0.5038491099039714, 0.5057949818929036]","[0.843, 0.8400666666666666]",2,5
15,150,9600,0.5855200813293457,0.8179000000000001,,,"[0, 1]","[0.5, 0.5]","[0.5865174062093099, 0.5845227564493816]","[0.8177333333333333, 0.8180666666666667]",2,5
16,160,10240,0.455595556640625,0.8665666666666667,,,"[0, 1]","[0.5, 0.5]","[0.45477479248046876, 0.45641632080078126]","[0.8689333333333333, 0.8642]",2,5
17,170,10880,0.4925403925577799,0.8434999999999999,,,"[0, 1]","[0.5, 0.5]","[0.49159138590494794, 0.49348939921061197]","[0.844, 0.843]",2,5
18,180,11520,0.3935423417409261,0.8862666666666668,,,"[0, 1]","[0.5, 0.5]","[0.39212258911132813, 0.3949620943705241]","[0.8867333333333334, 0.8858]",2,5
19,190,12160,0.4207023836771647,0.8692666666666666,,,"[0, 1]","[0.5, 0.5]","[0.418184250386556, 0.42322051696777346]","[0.8696, 0.8689333333333333]",2,5
20,200,12800,0.45352888921101886,0.8530666666666666,,,"[0, 1]","[0.5, 0.5]","[0.45239089762369794, 0.45466688079833983]","[0.8524666666666667, 0.8536666666666667]",2,5
21,210,13440,0.3835837827046712,0.8789,,,"[0, 1]","[0.5, 0.5]","[0.38049703877766927, 0.3866705266316732]","[0.8806, 0.8772]",2,5
22,220,14080,0.34643434995015465,0.8916999999999999,,,"[0, 1]","[0.5, 0.5]","[0.3437417724609375, 0.34912692743937174]","[0.8922666666666667, 0.8911333333333333]",2,5
23,230,14720,0.3407211310068766,0.8995,,,"[0, 1]","[0.5, 0.5]","[0.33902404861450197, 0.3424182133992513]","[0.9008, 0.8982]",2,5
24,240,15360,0.3314312094370524,0.8971333333333333,,,"[0, 1]","[0.5, 0.5]","[0.32830657780965167, 0.33455584106445313]","[0.8980666666666667, 0.8962]",2,5
25,250,16000,0.348194908396403,0.8965000000000001,,,"[0, 1]","[0.5, 0.5]","[0.3453117230733236, 0.3510780937194824]","[0.8983333333333333, 0.8946666666666667]",2,5
26,260,16640,0.3051621138254802,0.9045666666666667,,,"[0, 1]","[0.5, 0.5]","[0.30349487508138023, 0.3068293525695801]","[0.9058, 0.9033333333333333]",2,5
27,270,17280,0.28809826138814293,0.9148666666666667,,,"[0, 1]","[0.5, 0.5]","[0.2862574089050293, 0.28993911387125654]","[0.9151333333333334, 0.9146]",2,5
28,280,17920,0.2809522866566976,0.9143333333333333,,,"[0, 1]","[0.5, 0.5]","[0.27770999145507813, 0.28419458185831703]","[0.9153333333333333, 0.9133333333333333]",2,5
29,290,18560,0.2673232376098633,0.9211666666666667,,,"[0, 1]","[0.5, 0.5]","[0.2638963333129883, 0.2707501419067383]","[0.9226666666666666, 0.9196666666666666]",2,5
30,300,19200,0.28669467760721845,0.9132,0.07121406495571136,1.4853404760360718,"[0, 1]","[0.5, 0.5]","[0.2829229944864909, 0.29046636072794596]","[0.9141333333333334, 0.9122666666666667]",2,5
0,0,0,2.3113351542154947,0.09873333333333334,0.061891019344329834,0.5863761305809021,[],[],"[2.3116019368489584, 2.311068371582031]","[0.0996, 0.09786666666666667]",2,10
1,15,960,2.2074301951090494,0.27080000000000004,,,"[0, 1]","[0.5, 0.5]","[2.2078352498372396, 2.207025140380859]","[0.27253333333333335, 0.2690666666666667]",2,10
2,30,1920,2.0068757873535157,0.6001333333333334,,,"[0, 1]","[0.5, 0.5]","[2.006537117513021, 2.0072144571940105]","[0.6064, 0.5938666666666667]",2,10
3,45,2880,1.6035608591715493,0.5408,,,"[0, 1]","[0.5, 0.5]","[1.6029501963297526, 1.6041715220133463]","[0.5447333333333333, 0.5368666666666667]",2,10
4,60,3840,1.3601002807617188,0.5512333333333334,,,"[0, 1]","[0.5, 0.5]","[1.3566549763997395, 1.363545585123698]","[0.5594666666666667, 0.543]",2,10
5,75,4800,1.0795646326700847,0.6488,,,"[0, 1]","[0.5, 0.5]","[1.0831360758463542, 1.075993189493815]","[0.6488666666666667, 0.6487333333333334]",2,10
6,90,5760,0.8936723744710287,0.7037,,,"[0, 1]","[0.5, 0.5]","[0.8909557149251303, 0.896389034016927]","[0.7075333333333333, 0.6998666666666666]",2,10
7,105,6720,0.708724594370524,0.7757666666666667,,,"[0, 1]","[0.5, 0.5]","[0.7098331349690755, 0.7076160537719727]","[0.7772, 0.7743333333333333]",2,10
8,120,7680,0.717467849222819,0.7800333333333334,,,"[0, 1]","[0.5, 0.5]","[0.71790501759847, 0.7170306808471679]","[0.781, 0.7790666666666667]",2,10
9,135,8640,0.5133693862915039,0.8477666666666667,,,"[0, 1]","[0.5, 0.5]","[0.5132268473307292, 0.5135119252522786]","[0.8478, 0.8477333333333333]",2,10
10,150,9600,0.5174942838033041,0.8582666666666667,,,"[0, 1]","[0.5, 0.5]","[0.5192804290771484, 0.5157081385294596]","[0.8557333333333333, 0.8608]",2,10
11,165,10560,0.48920157063802083,0.8440000000000001,,,"[0, 1]","[0.5, 0.5]","[0.4879775207519531, 0.49042562052408856]","[0.8443333333333334, 0.8436666666666667]",2,10
12,180,11520,0.39374018707275393,0.8859333333333334,,,"[0, 1]","[0.5, 0.5]","[0.39235615539550783, 0.39512421875]","[0.8856, 0.8862666666666666]",2,10
13,195,12480,0.3636339037577311,0.8953,,,"[0, 1]","[0.5, 0.5]","[0.3641989125569661, 0.3630688949584961]","[0.8960666666666667, 0.8945333333333333]",2,10
14,210,13440,0.34610245157877606,0.8955,,,"[0, 1]","[0.5, 0.5]","[0.3447296595255534, 0.3474752436319987]","[0.896, 0.895]",2,10
15,225,14400,0.31705682652791345,0.9075,,,"[0, 1]","[0.5, 0.5]","[0.3162575332641602, 0.31785611979166667]","[0.9078666666666667, 0.9071333333333333]",2,10
16,240,15360,0.32564045639038086,0.9029333333333334,,,"[0, 1]","[0.5, 0.5]","[0.3238307393391927, 0.327450173441569]","[0.9032666666666667, 0.9026]",2,10
17,255,16320,0.31777103652954103,0.9058333333333333,,,"[0, 1]","[0.5, 0.5]","[0.3163566146850586, 0.31918545837402346]","[0.9050666666666667, 0.9066]",2,10
18,270,17280,0.2903115618387858,0.9103333333333333,,,"[0, 1]","[0.5, 0.5]","[0.2885537134806315, 0.2920694101969401]","[0.9104, 0.9102666666666667]",2,10
19,285,18240,0.27275126330057775,0.9175,,,"[0, 1]","[0.5, 0.5]","[0.27336210784912107, 0.2721404187520345]","[0.9164, 0.9186]",2,10
20,300,19200,0.27821512832641604,0.9158666666666666,,,"[0, 1]","[0.5, 0.5]","[0.27616963755289714, 0.2802606190999349]","[0.9158, 0.9159333333333334]",2,10
21,315,20160,0.24144865913391111,0.9291333333333334,,,"[0, 1]","[0.5, 0.5]","[0.24060893096923827, 0.24228838729858398]","[0.9284, 0.9298666666666666]",2,10
22,330,21120,0.23283975118001302,0.929,,,"[0, 1]","[0.5, 0.5]","[0.23169351908365884, 0.2339859832763672]","[0.9305333333333333, 0.9274666666666667]",2,10
23,345,22080,0.21911666870117186,0.9362666666666667,,,"[0, 1]","[0.5, 0.5]","[0.21739618835449218, 0.22083714904785157]","[0.9364, 0.9361333333333334]",2,10
24,360,23000,0.21955168075561524,0.9344333333333333,,,"[0, 1]","[0.5, 0.5]","[0.2171371795654297, 0.22196618194580078]","[0.9356666666666666, 0.9332]",2,10
25,375,23960,0.24243340276082356,0.9264,,,"[0, 1]","[0.5, 0.5]","[0.2404140879313151, 0.24445271759033202]","[0.9273333333333333, 0.9254666666666667]",2,10
26,390,24920,0.19507427698771157,0.9423,,,"[0, 1]","[0.5, 0.5]","[0.19472979431152343, 0.19541875966389974]","[0.9420666666666667, 0.9425333333333333]",2,10
27,405,25880,0.1992338806152344,0.9423333333333334,,,"[0, 1]","[0.5, 0.5]","[0.19804203160603842, 0.20042572962443034]","[0.9422666666666667, 0.9424]",2,10
28,420,26840,0.18679289677937827,0.9428333333333334,,,"[0, 1]","[0.5, 0.5]","[0.18467438354492188, 0.18891141001383463]","[0.9432, 0.9424666666666667]",2,10
29,435,27800,0.18099461708068848,0.9484666666666667,,,"[0, 1]","[0.5, 0.5]","[0.18065304679870606, 0.1813361873626709]","[0.9488, 0.9481333333333334]",2,10
30,450,28760,0.18040398947397868,0.9460333333333333,0.06738205999135971,0.6764923334121704,"[0, 1]","[0.5, 0.5]","[0.17764910329182942, 0.18315887565612793]","[0.9469333333333333, 0.9451333333333334]",2,10
0,0,0,2.3113351542154947,0.09873333333333334,0.061891019344329834,0.5863761305809021,[],[],"[2.3116019368489584, 2.311068371582031]","[0.0996, 0.09786666666666667]",2,20
1,25,1600,2.0624383829752606,0.48033333333333333,,,"[0, 1]","[0.5, 0.5]","[2.062837548828125, 2.062039217122396]","[0.49266666666666664, 0.468]",2,20
2,50,3200,1.4762369166056315,0.5651333333333333,,,"[0, 1]","[0.5, 0.5]","[1.4760369160970053, 1.4764369171142577]","[0.5714666666666667, 0.5588]",2,20
3,75,4800,0.9844995585123698,0.7275666666666667,,,"[0, 1]","[0.5, 0.5]","[0.9878762166341146, 0.981122900390625]","[0.7271333333333333, 0.728]",2,20
4,100,6400,0.7073327527364095,0.7618666666666667,,,"[0, 1]","[0.5, 0.5]","[0.7066572230021159, 0.7080082824707031]","[0.7608, 0.7629333333333334]",2,20
5,125,8000,0.6138468485514323,0.8106666666666666,,,"[0, 1]","[0.5, 0.5]","[0.6163486989339193, 0.6113449981689453]","[0.8110666666666667, 0.8102666666666667]",2,20
6,150,9600,0.5994777542114258,0.8007,,,"[0, 1]","[0.5, 0.5]","[0.5972578043619792, 0.6016977040608724]","[0.8018666666666666, 0.7995333333333333]",2,20
7,175,11200,0.4071187929789225,0.8859666666666666,,,"[0, 1]","[0.5, 0.5]","[0.4073165054321289, 0.40692108052571613]","[0.8854, 0.8865333333333333]",2,20
8,200,12800,0.39503697789510095,0.8796999999999999,,,"[0, 1]","[0.5, 0.5]","[0.39413299560546877, 0.39594096018473307]","[0.8792, 0.8802]",2,20
9,225,14400,0.3794229723612468,0.8757666666666666,,,"[0, 1]","[0.5, 0.5]","[0.37745559794108074, 0.38139034678141276]","[0.8772, 0.8743333333333333]",2,20
10,250,16000,0.3720746382395427,0.8931,,,"[0, 1]","[0.5, 0.5]","[0.3710780726114909, 0.3730712038675944]","[0.893, 0.8932]",2,20
11,275,17600,0.2631181767781575,0.9247666666666667,,,"[0, 1]","[0.5, 0.5]","[0.26353743743896485, 0.26269891611735025]","[0.9245333333333333, 0.925]",2,20
12,300,19160,0.2564648754119873,0.9227666666666667,,,"[0, 1]","[0.5, 0.5]","[0.25600252532958984, 0.2569272254943848]","[0.9224666666666667, 0.9230666666666667]",2,20
13,325,20760,0.21987593040466308,0.9358333333333333,,,"[0, 1]","[0.5, 0.5]","[0.21992183202107748, 0.2198300287882487]","[0.9361333333333334, 0.9355333333333333]",2,20
14,350,22360,0.20716212107340493,0.9384333333333333,,,"[0, 1]","[0.5, 0.5]","[0.20713761393229166, 0.20718662821451822]","[0.9382, 0.9386666666666666]",2,20
15,375,23960,0.21985390332539878,0.9332666666666667,,,"[0, 1]","[0.5, 0.5]","[0.2183987185160319, 0.22130908813476563]","[0.9344, 0.9321333333333334]",2,20
16,400,25560,0.19982730000813803,0.9436333333333333,,,"[0, 1]","[0.5, 0.5]","[0.200199538675944, 0.19945506134033203]","[0.9436666666666667, 0.9436]",2,20
17,425,27160,0.18749034105936685,0.9463666666666667,,,"[0, 1]","[0.5, 0.5]","[0.187031667582194, 0.18794901453653973]","[0.9452666666666667, 0.9474666666666667]",2,20
18,450,28760,0.17823831996917724,0.9460999999999999,,,"[0, 1]","[0.5, 0.5]","[0.17892388903299966, 0.17755275090535483]","[0.9452666666666667, 0.9469333333333333]",2,20
19,475,30360,0.16204768002827963,0.9532666666666667,,,"[0, 1]","[0.5, 0.5]","[0.16172224349975586, 0.1623731165568034]","[0.9525333333333333, 0.954]",2,20
20,500,31960,0.162332808303833,0.9531333333333334,,,"[0, 1]","[0.5, 0.5]","[0.16151899388631186, 0.16314662272135416]","[0.9544666666666667, 0.9518]",2,20
21,525,33560,0.15300432993570962,0.9556,,,"[0, 1]","[0.5, 0.5]","[0.15234157536824544, 0.15366708450317382]","[0.9552666666666667, 0.9559333333333333]",2,20
22,550,35160,0.14647656180063884,0.9566,,,"[0, 1]","[0.5, 0.5]","[0.1466950585683187, 0.146258065032959]","[0.9574, 0.9558]",2,20
23,575,36760,0.14196986440022785,0.9573666666666667,,,"[0, 1]","[0.5, 0.5]","[0.1418533551534017, 0.14208637364705404]","[0.9572, 0.9575333333333333]",2,20
24,600,38320,0.14124942251841227,0.9572666666666667,,,"[0, 1]","[0.5, 0.5]","[0.1413415807088216, 0.14115726432800293]","[0.9580666666666666, 0.9564666666666667]",2,20
25,625,39920,0.1405894831339518,0.9577,,,"[0, 1]","[0.5, 0.5]","[0.14031575190226236, 0.14086321436564128]","[0.9582666666666667, 0.9571333333333333]",2,20
26,650,41520,0.12997175102233888,0.9619,,,"[0, 1]","[0.5, 0.5]","[0.1308047088623047, 0.12913879318237304]","[0.9617333333333333, 0.9620666666666666]",2,20
27,675,43120,0.14297066230773925,0.9580333333333333,,,"[0, 1]","[0.5, 0.5]","[0.1427706382751465, 0.14317068634033203]","[0.9584666666666667, 0.9576]",2,20
28,700,44720,0.12365267403920491,0.9625,,,"[0, 1]","[0.5, 0.5]","[0.12445168685913086, 0.12285366121927897]","[0.9624666666666667, 0.9625333333333334]",2,20
29,725,46320,0.1181560157140096,0.9656666666666667,,,"[0, 1]","[0.5, 0.5]","[0.11964611536661784, 0.11666591606140136]","[0.9651333333333333, 0.9662]",2,20
30,750,47920,0.10863112551371257,0.9684333333333334,0.05506276339292526,0.18984386324882507,"[0, 1]","[0.5, 0.5]","[0.10916265551249187, 0.10809959551493327]","[0.9674, 0.9694666666666667]",2,20
